<?xml version="1.0" encoding="UTF-8"?>

<decorators defaultdir="/decorators">
    <decorator name="user" page="user.jsp">
        <pattern>/*</pattern>
    </decorator>
    <decorator name="admin" page="admin.jsp">
        <pattern>/admin*</pattern>
    </decorator>
    <decorator name="login" page="login.jsp">
        <pattern>/login</pattern>
    </decorator>
    <decorator name="register" page="register.jsp">
        <pattern>/register</pattern>
    </decorator>
    <excludes>
        <pattern>/api*</pattern>
    </excludes>
</decorators>